Vienna;AT
Salzburg;AT
Brussels;BE
Prague;CZ
Paris;FR
Nice;FR
Strasbourg;FR
Bordeaux;FR
Lille;FR
Marseille;FR
Hamburg;DE
Berlin;DE
Bremen;DE
Cologne;DE
Dortmund;DE
Dresden;DE
Frankfurt;DE
Memmingen;DE
Munich;DE
Athens;GR
Thessaloniki;GR
Kalamata;GR
Budapest;HU
Milan;IT
Pisa;IT
Bari;IT
Bologna;IT
Catania;IT
Genoa;IT
Naples;IT
Palermo;IT
Rome;IT
Turin;IT
Venice;IT
Verona;IT
Amsterdam;NL
Rotterdam;NL
Gdansk;PL
Wroclaw;PL
Krakow;PL
Warsaw;PL
Faro;PT
Lisbon;PT
Porto;PT
Barcelona;ES
Alicante;ES
Madrid;ES
Malaga;ES
Seville;ES
Valencia;ES
Zaragoza;ES
Kyiv;UA
Kharkiv;UA
Lviv;UA